Accuracy,Sensitivity,Specificity,Classifier
0.8571428571428571,0.8508585696669924,0.8634271446187218,Gradient Boosting
0.8454810495626822,0.8358677876399166,0.8550943114854478,Gradient Boosting
0.8483965014577259,0.8391201927863806,0.8576728101290713,Gradient Boosting
0.8279883381924198,0.8154007461976561,0.8405759301871835,Gradient Boosting
0.8658892128279884,0.8643185045484891,0.8674599211074876,Gradient Boosting
